The Coronavirus Pack,"Coronavirus."
The Coronavirus Pack,"COVID-19."
The Coronavirus Pack,"SARS 2, the sequel."
The Coronavirus Pack,"Wearing an orange peel as a face mask."
The Coronavirus Pack,"Garbage bags duct taped over your entire body."
The Coronavirus Pack,"Quarantine."
The Coronavirus Pack,"Social Distancing."
The Coronavirus Pack,"Binge watching disease movies."
The Coronavirus Pack,"Bug Chasing."
The Coronavirus Pack,"""Gift Giving""."
The Coronavirus Pack,"Coughing on strangers."
The Coronavirus Pack,"Boomers."
The Coronavirus Pack,"A coronavirus party."
The Coronavirus Pack,"Spring break!"
The Coronavirus Pack,"Masturbating all day while ""working from home""."
The Coronavirus Pack,"A full-body condom."
The Coronavirus Pack,"Flattening the curve."
The Coronavirus Pack,"Buying way too much toilet paper for no reason."
The Coronavirus Pack,"Ordering a bidet."
The Coronavirus Pack,"Bathing in hand sanitizer."
The Coronavirus Pack,"A 55 gallon drum of lube."
The Coronavirus Pack,"Shittensâ„¢."
The Coronavirus Pack,"Lots and lots of sex."
The Coronavirus Pack,"New York sex parties."
