label,response
,Coat hanger abortions.
,Man meat.
,Autocannibalism.
,Vigorous jazz hands.
,Flightless birds.
,Pictures of boobs.
,Doing the right thing.
,The violation of our most basic human rights.
,Viagra®.
,Self-loathing.
,Spectacular abs.
,A balanced breakfast.
,Roofies.
,Concealing a boner.
,Amputees.
,The Big Bang.
,Former President George W. Bush.
,"The Rev. Dr. Martin Luther King, Jr."
,Smegma.
,Being marginalized.
,Cuddling.
,Laying an egg.
,The Pope.
,Aaron Burr.
,Genital piercings.
,Fingering.
,A bleached asshole.
,Horse meat.
,Fear itself.
,Science.
,Elderly Japanese men.
,Stranger danger.
,The terrorists.
,Praying the gay away.
,Same-sex ice dancing.
,Ethnic cleansing.
,Cheating in the Special Olympics.
,German dungeon porn.
,Bingeing and purging.
,Making a pouty face.
,William Shatner.
,Heteronormativity.
,Nickelback.
,Tom Cruise.
,The profoundly handicapped.
,The placenta.
,Chainsaws for hands.
,Arnold Schwarzenegger.
,An icepick lobotomy.
,Goblins.
,Object permanence.
,Dying.
,Foreskin.
,A falcon with a cap on its head.
,Hormone injections.
,Dying of dysentery.
,Sexy pillow fights.
,The invisible hand.
,A really cool hat.
,Sean Penn.
,Heartwarming orphans.
,The clitoris.
,The Three-Fifths compromise.
,A sad handjob.
,Men.
,Historically black colleges.
,A micropenis.
,Raptor attacks.
,Agriculture.
,Vikings.
,Pretending to care.
,The Underground Railroad.
,My humps.
,Being a dick to children.
,Geese.
,Bling.
,Sniffing glue.
,The South.
,An Oedipus complex.
,Eating all of the cookies before the AIDS bake-sale.
,Sexting.
,YOU MUST CONSTRUCT ADDITIONAL PYLONS.
,Mutually-assured destruction.
,Sunshine and rainbows.
,Count Chocula.
,Sharing needles.
,Being rich.
,Skeletor.
,A sausage festival.
,Michael Jackson.
,Emotions.
,Farting and walking away.
,The Chinese gymnastics team.
,Necrophilia.
,Spontaneous human combustion.
,Yeast.
,Leaving an awkward voicemail.
,Dick Cheney.
,White people.
,Penis envy.
,Teaching a robot to love.
,Sperm whales.
,Scrubbing under the folds.
,Panda sex.
,Whipping it out.
,Catapults.
,Masturbation.
,Natural selection.
,Opposable thumbs.
,A sassy black woman.
,AIDS.
,The KKK.
,Figgy pudding.
,Seppuku.
,Gandhi.
,Preteens.
,Toni Morrison's vagina.
,Five-Dollar Footlongs™.
,Land mines.
,A sea of troubles.
,A zesty breakfast burrito.
,Christopher Walken.
,Friction.
,Balls.
,Dental dams.
,A can of whoop-ass.
,A tiny horse.
,Waiting 'til marriage.
,Authentic Mexican cuisine.
,Genghis Khan.
,Old-people smell.
,Feeding Rosie O'Donnell.
,Pixelated bukkake.
,Friends with benefits.
,The token minority.
,The Tempur-Pedic® Swedish Sleep System™.
,A thermonuclear detonation.
,Take-backsies.
,The Rapture.
,A cooler full of organs.
,"Sweet, sweet vengeance."
,RoboCop.
,Keanu Reeves.
,Drinking alone.
,Giving 110%.
,Flesh-eating bacteria.
,The American Dream.
,Taking off your shirt.
,Me time.
,A murder most foul.
,The inevitable heat death of the universe.
,The folly of man.
,That thing that electrocutes your abs.
,Cards Against Humanity.
,Fiery poops.
,Poor people.
,Edible underpants.
,Britney Spears at 55.
,All-you-can-eat shrimp for $4.99.
,Pooping back and forth. Forever.
,Fancy Feast®.
,Jewish fraternities.
,Being a motherfucking sorcerer.
,Pulling out.
,Picking up girls at the abortion clinic.
,The homosexual agenda.
,The Holy Bible.
,Passive-agression.
,Ronald Reagan.
,Vehicular manslaughter.
,Nipple blades.
,Assless chaps.
,Full frontal nudity.
,Hulk Hogan.
,Daddy issues.
,The hardworking Mexican.
,Natalie Portman.
,Waking up half-naked in a Denny's parking lot.
,God.
,Sean Connery.
,Saxophone solos.
,Gloryholes.
,The World of Warcraft.
,Homeless people.
,Scalping.
,Darth Vader.
,Eating the last known bison.
,Guys who don't call.
,Hot Pockets®.
,A time travel paradox.
,The milk man.
,Testicular torsion.
,Dropping a chandelier on your enemies and riding the rope up.
,World peace.
,A salty surprise.
,Poorly-timed Holocaust jokes.
,Smallpox blankets.
,Licking things to claim them as your own.
,The heart of a child.
,"Robert Downey, Jr."
,Lockjaw.
,Eugenics.
,A good sniff.
,Friendly fire.
,The taint; the grundle; the fleshy fun-bridge.
,Wearing underwear inside-out to avoid doing laundry.
,Hurricane Katrina.
,Free samples.
,Jerking off into a pool of children's tears.
,A foul mouth.
,The glass ceiling.
,Republicans.
,Explosions.
,Michelle Obama's arms.
,Getting really high.
,Attitude.
,Sarah Palin.
,The Übermensch.
,Altar boys.
,My soul.
,My sex life.
,Pedophiles.
,72 virgins.
,Pabst Blue Ribbon.
,Domino's™ Oreo™ Dessert Pizza.
,A snapping turtle biting the tip of your penis.
,The Blood of Christ.
,Half-assed foreplay.
,My collection of high-tech sex toys.
,A middle-aged man on roller skates.
,Bitches.
,Bill Nye the Science Guy.
,Italians.
,A windmill full of corpses.
,Adderall™.
,Crippling debt.
,A stray pube.
,Prancing.
,Passing a kidney stone.
,A brain tumor.
,Leprosy.
,Puppies!
,Bees?
,Frolicking.
,Repression.
,Road head.
,A bag of magic beans.
,An asymmetric boob job.
,Dead parents.
,Public ridicule.
,A mating display.
,A mime having a stroke.
,Stephen Hawking talking dirty.
,African children.
,Mouth herpes.
,Overcompensation.
,Riding off into the sunset.
,Being on fire.
,Tangled Slinkys.
,Civilian casualties.
,Auschwitz.
,My genitals.
,Not reciprocating oral sex.
,Lactation.
,Being fabulous.
,Shaquille O'Neal's acting career.
,My relationship status.
,Asians who aren't good at math.
,Alcoholism.
,Incest.
,Grave robbing.
,Hope.
,8 oz. of sweet Mexican black-tar heroin.
,Kids with ass cancer.
,Winking at old people.
,The Jews.
,Justin Bieber.
,Doin' it in the butt.
,A lifetime of sadness.
,The Hamburglar.
,Swooping.
,Classist undertones.
,New Age music.
,Not giving a shit about the Third World.
,The Kool-Aid Man.
,A hot mess.
,Tentacle porn.
,Lumberjack fantasies.
,The gays.
,Scientology.
,Estrogen.
,GoGurt®.
,Judge Judy.
,Dick fingers.
,Racism.
,Surprise sex!
,Police brutality.
,Passable transvestites.
,The Virginia Tech Massacre.
,When you fart and a little bit comes out.
,Oompa-Loompas.
,A fetus.
,Obesity.
,Tasteful sideboob.
,Hot people.
,BATMAN!!!
,Black people.
,A gassy antelope.
,Sexual tension.
,Third base.
,Racially-biased SAT questions.
,Porn stars.
,A Super Soaker™ full of cat pee.
,Muhammed (Praise Be Unto Him).
,Puberty.
,A disappointing birthday party.
,An erection that lasts longer than four hours.
,White privilege.
,Getting so angry that you pop a boner.
,Wifely duties.
,Two midgets shitting into a bucket.
,Queefing.
,Wiping her butt.
,Golden showers.
,Barack Obama.
,Nazis.
,A robust mongoloid.
,An M. Night Shyamalan plot twist.
,Getting drunk on mouthwash.
,Lunchables™.
,Women in yogurt commercials.
,John Wilkes Booth.
,Powerful thighs.
,"Mr. Clean, right behind you."
,Multiple stab wounds.
,Cybernetic enhancements.
,Serfdom.
,Kanye West.
,Women's suffrage.
,Children on leashes.
,Harry Potter erotica.
,The Dance of the Sugar Plum Fairy.
,Lance Armstrong's missing testicle.
,Parting the Red Sea.
,The Amish.
,Dead babies.
,Child beauty pageants.
,AXE Body Spray.
,Centaurs.
,Copping a feel.
,Grandma.
,Famine.
,The Trail of Tears.
,The miracle of childbirth.
,Finger painting.
,A monkey smoking a cigar.
,The Make-A-Wish® Foundation.
,Anal beads.
,The Force.
,Kamikaze pilots.
,Dry heaving.
,Active listening.
,Ghosts.
,The Hustle.
,Peeing a little bit.
,Another goddamn vampire movie.
,Shapeshifters.
,The Care Bear Stare.
,Hot cheese.
,A mopey zoo lion.
,A defective condom.
,Teenage pregnancy.
,A Bop It™.
,Expecting a burp and vomiting on the floor.
,Horrifying laser hair removal accidents.
,Boogers.
,Unfathomable stupidity.
,Breaking out into song and dance.
,Soup that is too hot.
,Morgan Freeman's voice.
,Getting naked and watching Nickelodeon.
,MechaHitler.
,Flying sex snakes.
,The true meaning of Christmas.
,My inner demons.
,Pac-Man uncontrollably guzzling cum.
,My vagina.
,A homoerotic volleyball montage.
,Actually taking candy from a baby.
,Crystal meth.
,Exactly what you'd expect.
,Natural male enhancement.
,Passive-aggressive Post-it notes.
,Inappropriate yodeling.
,Lady Gaga.
,The Little Engine That Could.
,Vigilante justice.
,A death ray.
,Poor life choices.
,A gentle caress of the inner thigh.
,Embryonic stem cells.
,Nicolas Cage.
,Firing a rifle into the air while balls deep in a squealing hog.
,Switching to Geico®.
,The chronic.
,Erectile dysfunction.
,Home video of Oprah sobbing into a Lean Cuisine®.
,A bucket of fish heads.
,"50,000 volts straight to the nipples."
,Being fat and stupid.
,Hospice care.
,A pyramid of severed heads.
,"Getting married, having a few kids, buying some stuff, retiring to Florida, and dying."
,A subscription to Men's Fitness.
,Crucifixion.
,A micropig wearing a tiny raincoat and booties.
,Some god-damn peace and quiet.
,Used panties.
,A tribe of warrior women.
,"The penny whistle solo from ""My Heart Will Go On."""
,An oversized lollipop.
,Helplessly giggling at the mention of Hutus and Tutsis.
,Not wearing pants.
,Consensual sex.
,"Her Majesty, Queen Elizabeth II."
,Funky fresh rhymes.
,The art of seduction.
,The Devil himself.
,"Advice from a wise, old black man."
,Destroying the evidence.
,The light of a billion suns.
,Wet dreams.
,Synergistic management solutions.
,Growing a pair.
,Silence.
,An M16 assault rifle.
,Poopy diapers.
,A live studio audience.
,The Great Depression.
,A spastic nerd.
,"Rush Limbaugh's soft, shitty body."
,"Tickling Sean Hannity, even after he tells you to stop."
,Stalin.
,Brown people.
,Rehab.
,Capturing Newt Gingrich and forcing him to dance in a monkey suit.
,Battlefield amputations.
,An uppercut.
,Shiny objects.
,An ugly face.
,Menstrual rage.
,A bitch slap.
,One trillion dollars.
,Chunks of dead prostitute.
,The entire Mormon Tabernacle Choir.
,The female orgasm.
,Extremely tight pants.
,The Boy Scouts of America.
,Stormtroopers.
,Throwing a virgin into a volcano.
The First Expansion,"Getting in her pants, politely."
The First Expansion,Gladiatorial combat.
The First Expansion,Good grammar.
The First Expansion,Hipsters.
The First Expansion,Gandalf.
The First Expansion,Genetically engineered super-soldiers.
The First Expansion,George Clooney's musk.
The First Expansion,Getting abducted by Peter Pan.
The First Expansion,Eating an albino.
The First Expansion,Enormous Scandinavian women.
The First Expansion,Fabricating statistics.
The First Expansion,Finding a skeleton.
The First Expansion,Suicidal thoughts.
The First Expansion,Dancing with a broom.
The First Expansion,Deflowering the princess.
The First Expansion,Dorito breath.
The First Expansion,One thousand Slim Jims.
The First Expansion,My machete.
The First Expansion,Overpowering your father.
The First Expansion,Ominous background music.
The First Expansion,Media coverage.
The First Expansion,Making the penises kiss.
The First Expansion,Moral ambiguity.
The First Expansion,Medieval Times® Dinner & Tournament.
The First Expansion,Mad hacky-sack skills.
The First Expansion,Just the tip.
The First Expansion,Literally eating shit.
The First Expansion,Leveling up.
The First Expansion,Insatiable bloodlust.
The First Expansion,Historical revisionism.
The First Expansion,Jean-Claude Van Damme.
The First Expansion,Jafar.
The First Expansion,The boners of the elderly.
The First Expansion,The economy.
The First Expansion,Statistically validated stereotypes.
The First Expansion,Sudden Poop Explosion Disease.
The First Expansion,Slow motion.
The First Expansion,Space muffins.
The First Expansion,Sexual humiliation.
The First Expansion,Sexy Siamese twins.
The First Expansion,Santa Claus.
The First Expansion,Scrotum tickling.
The First Expansion,Ripping into a man's chest and pulling out his still-beating heart.
The First Expansion,Ryan Gosling riding in on a white horse.
The First Expansion,Quivering jowls.
The First Expansion,Revenge fucking.
The First Expansion,Pistol-whipping a hostage.
The First Expansion,Quiche.
The First Expansion,Zeus's sexual appetites.
The First Expansion,"Words, words, words."
The First Expansion,Tripping balls.
The First Expansion,Being a busy adult with many important things to do.
The First Expansion,The four arms of Vishnu.
The First Expansion,The shambling corpse of Larry King.
The First Expansion,The hiccups.
The First Expansion,The harsh light of day.
The First Expansion,The Gulags.
The First Expansion,The Fanta® girls.
The First Expansion,A big black dick.
The First Expansion,A beached whale.
The First Expansion,A low standard of living.
The First Expansion,A nuanced critique.
The First Expansion,A bloody pacifier.
The First Expansion,A crappy little hand.
The First Expansion,Shaft.
The First Expansion,Being a dinosaur.
The First Expansion,Beating your wives.
The First Expansion,Neil Patrick Harris.
The First Expansion,Coughing into a vagina.
The First Expansion,Carnies.
The First Expansion,Nubile slave boys.
The First Expansion,Bosnian chicken farmers.
The First Expansion,A web of lies.
The First Expansion,A rival dojo.
The First Expansion,A passionate Latino lover.
The First Expansion,Panty raids.
The First Expansion,Appreciative snapping.
The First Expansion,Apologizing.
The First Expansion,Clams.
The First Expansion,A woman scorned.
The Second Expansion,Being awesome at sex.
The Second Expansion,Spring break!
The Second Expansion,Another shot of morphine.
The Second Expansion,"Dining with cardboard cutouts of the cast of ""Friends."""
The Second Expansion,"A soulful rendition of ""Ol' Man River."""
The Second Expansion,Making a friend.
The Second Expansion,"A sweaty, panting leather daddy."
The Second Expansion,Intimacy problems.
The Second Expansion,The new Radiohead album.
The Second Expansion,Pretty Pretty Princess Dress-Up Board Game®.
The Second Expansion,A man in yoga pants with a ponytail and feather earrings.
The Second Expansion,An army of skeletons.
The Second Expansion,A squadron of moles wearing aviator goggles.
The Second Expansion,Beefin' over turf.
The Second Expansion,The Google.
The Second Expansion,Bullshit.
The Second Expansion,A sweet spaceship.
The Second Expansion,A 55-gallon drum of lube.
The Second Expansion,"Special musical guest, Cher."
The Second Expansion,The human body.
The Second Expansion,Mild autism.
The Second Expansion,Nunchuck moves.
The Second Expansion,Whipping a disobedient slave.
The Second Expansion,An ether-soaked rag.
The Second Expansion,Oncoming traffic.
The Second Expansion,A dollop of sour cream.
The Second Expansion,A slightly shittier parallel universe.
The Second Expansion,My first kill.
The Second Expansion,Boris the Soviet Love Hammer.
The Second Expansion,The grey nutrient broth that sustains Mitt Romney.
The Second Expansion,Tiny nipples.
The Second Expansion,Power.
The Second Expansion,Death by Steven Seagal.
The Second Expansion,A Burmese tiger pit.
The Second Expansion,Basic human decency.
The Second Expansion,Grandpa's ashes.
The Second Expansion,One Ring to rule them all.
The Second Expansion,The day the birds attacked.
The Second Expansion,Fetal alcohol syndrome.
The Second Expansion,"Graphic violence, adult language, and some sexual content."
The Second Expansion,"A bigger, blacker dick."
The Second Expansion,The mere concept of Applebee's®.
The Second Expansion,A sad fat dragon with no friends.
The Second Expansion,A piñata full of scorpions.
The Second Expansion,Existing.
The Second Expansion,Hillary Clinton's death stare.
The Second Expansion,Catastrophic urethral trauma.
The Second Expansion,Double penetration.
The Second Expansion,Daddy's belt.
The Second Expansion,Swiftly achieving orgasm.
The Second Expansion,Mooing.
The Second Expansion,Rising from the grave.
The Second Expansion,Subduing a grizzly bear and making her your wife.
The Second Expansion,Some really fucked-up shit.
The Second Expansion,Weapons-grade plutonium.
The Second Expansion,All of this blood.
The Second Expansion,Scrotal frostbite.
The Second Expansion,Taking a man's eyes and balls out and putting his eyes where his balls go and then his balls in the eye holes.
The Second Expansion,The mixing of the races.
The Second Expansion,Pumping out a baby every nine months.
The Second Expansion,Tongue.
The Second Expansion,"Loki, the trickster god."
The Second Expansion,Whining like a little bitch.
The Second Expansion,Wearing an octopus for a hat.
The Second Expansion,An unhinged ferris wheel rolling toward the sea.
The Second Expansion,Finding Waldo.
The Second Expansion,Upgrading homeless people to mobile hotspots.
The Second Expansion,A magic hippie love cloud.
The Second Expansion,Fuck Mountain.
The Second Expansion,Living in a trashcan.
The Second Expansion,The corporations.
The Second Expansion,Getting hilariously gang-banged by the Blue Man Group.
The Second Expansion,Jeff Goldblum.
The Second Expansion,Survivor's guilt.
The Second Expansion,Me.
The Third Expansion,All my friends dying.
The Third Expansion,Shutting the fuck up.
The Third Expansion,An ass disaster.
The Third Expansion,Some kind of bird-man.
The Third Expansion,The entire Internet.
The Third Expansion,Going around punching people.
The Third Expansion,A boo-boo.
The Third Expansion,Indescribable loneliness.
The Third Expansion,Having sex on top of a pizza.
The Third Expansion,Chugging a lava lamp.
The Third Expansion,"Warm, velvety muppet sex."
The Third Expansion,"Running naked through a mall, pissing and shitting everywhere."
The Third Expansion,Nothing.
The Third Expansion,Samuel L. Jackson.
The Third Expansion,Self-flagellation.
The Third Expansion,The systematic destruction of an entire people and their way of life.
The Third Expansion,The Quesadilla Explosion Salad™ from Chili's®.
The Third Expansion,Reverse cowgirl.
The Third Expansion,Vietnam flashbacks.
The Third Expansion,"Actually getting shot, for real."
The Third Expansion,Not having sex.
The Third Expansion,Cock.
The Third Expansion,Dying alone and in pain.
The Third Expansion,A cop who is also a dog.
The Third Expansion,The way white people is.
The Third Expansion,Gay aliens.
The Third Expansion,"The primal, ball-slapping sex your parents are having right now."
The Third Expansion,A cat video so cute that your eyes roll back and your spine slides out of your anus.
The Third Expansion,A lamprey swimming up the toilet and latching onto your taint.
The Third Expansion,Slapping a racist old lady.
The Third Expansion,"A black male in his early 20s, last seen wearing a hoodie."
The Third Expansion,Jumping out at people.
The Third Expansion,Three months in the hole.
The Third Expansion,Blood farts.
The Third Expansion,The Land of Chocolate.
The Third Expansion,A botched circumcision.
The Third Expansion,"My manservant, Claude."
The Third Expansion,Vomiting mid-blowjob.
The Third Expansion,Letting everyone down.
The Third Expansion,Having shotguns for legs.
The Third Expansion,"Bill Clinton, naked on a bearskin rug with a saxophone."
The Third Expansion,Mufasa's death scene.
The Third Expansion,The Harlem Globetrotters.
The Third Expansion,Demonic possession.
The Third Expansion,Fisting.
The Third Expansion,The thin veneer of situational causality that underlies porn.
The Third Expansion,Girls that always be textin'.
The Third Expansion,Blowing some dudes in an alley.
The Third Expansion,A spontaneous conga line.
The Third Expansion,A vagina that leads to another dimension.
The Third Expansion,Disco fever.
The Third Expansion,Getting your dick stuck in a Chinese finger trap with another dick.
The Third Expansion,Drinking ten 5-hour ENERGYs® to get fifty continuous hours of energy.
The Third Expansion,"Sneezing, farting, and coming at the same time."
The Third Expansion,Some douche with an acoustic guitar.
The Third Expansion,Spending lots of money.
The Third Expansion,Putting an entire peanut butter and jelly sandwich into the VCR.
The Third Expansion,An unstoppable wave of fire ants.
The Third Expansion,A greased-up Matthew McConaughey.
The Third Expansion,Flying robots that kill people.
The Third Expansion,"Unlimited soup, salad, and breadsticks."
The Third Expansion,Crying into the pages of Sylvia Plath.
The Third Expansion,"The moist, demanding chasm of his mouth."
The Third Expansion,Filling every orifice with butterscotch pudding.
The Third Expansion,An all-midget production of Shakespeare's Richard III.
The Third Expansion,Screaming like a maniac.
The Third Expansion,Not contributing to society in any meaningful way.
The Third Expansion,A pile of squirming bodies.
The Third Expansion,Buying the right pants to be cool.
The Third Expansion,"Roland the Farter, flatulist to the king."
The Third Expansion,That ass.
The Third Expansion,A surprising amount of hair.
The Third Expansion,Eating Tom Selleck's mustache to gain his powers.
The Third Expansion,Velcro™.
The Third Expansion,A PowerPoint presentation.
The Fourth Expansion,Crazy opium eyes.
The Fourth Expansion,10 Incredible Facts About the Anus.
The Fourth Expansion,An interracial handshake.
The Fourth Expansion,Moderate-to-severe joint pain.
The Fourth Expansion,Finally finishing off the Indians.
The Fourth Expansion,Sugar madness.
The Fourth Expansion,Actual mutants with medical conditions and no superpowers.
The Fourth Expansion,The secret formula for ultimate female satisfaction.
The Fourth Expansion,The complex geopolitical quagmire that is the Middle East.
The Fourth Expansion,Fucking a corpse back to life.
The Fourth Expansion,Neil Diamond's Greatest Hits.
The Fourth Expansion,Calculating every mannerism so as not to suggest homosexuality.
The Fourth Expansion,Whatever a McRib® is made of.
The Fourth Expansion,"No clothes on, penis in vagina."
The Fourth Expansion,All the single ladies.
The Fourth Expansion,Whispering all sexy.
The Fourth Expansion,How awesome I am.
The Fourth Expansion,Ass to mouth.
The Fourth Expansion,"Smoking crack, for instance."
The Fourth Expansion,Falling into the toilet.
The Fourth Expansion,A dance move that's just sex.
The Fourth Expansion,The size of my penis.
The Fourth Expansion,Some sort of Asian.
The Fourth Expansion,A hopeless amount of spiders.
The Fourth Expansion,Party Mexicans.
The Fourth Expansion,Drinking responsibly.
The Fourth Expansion,The safe word.
The Fourth Expansion,Angelheaded hipsters burning for the ancient heavenly connection to the starry dynamo in the machinery of night.
The Fourth Expansion,Bouncing up and down.
The Fourth Expansion,Jizz.
The Fourth Expansion,Ambiguous sarcasm.
The Fourth Expansion,A shiny rock that proves I love you.
The Fourth Expansion,Dem titties.
The Fourth Expansion,My worthless son.
The Fourth Expansion,Exploding pigeons.
The Fourth Expansion,A Ugandan warlord.
The Fourth Expansion,My sex dungeon.
The Fourth Expansion,A kiss on the lips.
The Fourth Expansion,Child Protective Services.
The Fourth Expansion,A Native American who solves crimes by going into the spirit world.
The Fourth Expansion,Doo-doo.
The Fourth Expansion,The peaceful and nonthreatening rise of China.
The Fourth Expansion,Sports.
The Fourth Expansion,A fart.
The Fourth Expansion,Unquestioning obedience.
The Fourth Expansion,Three consecutive seconds of happiness.
The Fourth Expansion,Grammar nazis who are also regular Nazis.
The Fourth Expansion,Snorting coke off a clown's boner.
The Fourth Expansion,Africa.
The Fourth Expansion,Depression.
The Fourth Expansion,A horse with no legs.
The Fourth Expansion,The euphoric rush of strangling a drifter.
The Fourth Expansion,Khakis.
The Fourth Expansion,Interspecies marriage.
The Fourth Expansion,A gender identity that can only be conveyed through slam poetry.
The Fourth Expansion,Almost giving money to a homeless person.
The Fourth Expansion,Stuff a child's face with Fun Dip® until he starts having fun.
The Fourth Expansion,What Jesus would do.
The Fourth Expansion,A for-real lizard that spits blood from its eyes.
The Fourth Expansion,Blackula.
The Fourth Expansion,The tiniest shred of evidence that God is real.
The Fourth Expansion,My dad's dumb fucking face.
The Fourth Expansion,"Prince Ali,                         fabulous he,Ali Ababwa."
The Fourth Expansion,A manhole.
The Fourth Expansion,A sex goblin with a carnival penis.
The Fourth Expansion,A bunch of idiots playing a card game instead of interacting like normal humans.
The Fourth Expansion,A sex comet from Neptune that plunges the Earth into eternal sexiness.
The Fourth Expansion,Sharks with legs.
The Fourth Expansion,Injecting speed into one arm and horse tranquilizer into the other.
The Fourth Expansion,Lots and lots of abortions.
The Fifth Expansion,Seeing things from Hitler's perspective
The Fifth Expansion,Too much cocaine.
The Fifth Expansion,Doing the right stuff to her nipples.
The Fifth Expansion,Giant sperm from outer space.
The Fifth Expansion,Oil!
The Fifth Expansion,Ennui.
The Fifth Expansion,A powered exoskeleton.
The Fifth Expansion,A disappointing salad.
The Fifth Expansion,Mom's new boyfriend.
The Fifth Expansion,Unrelenting genital punishment.
The Fifth Expansion,Denzel.
The Fifth Expansion,"The swim team, all at once."
The Fifth Expansion,The eight gay warlocks who dictate the rules of fashion.
The Fifth Expansion,Being nine years old.
The Fifth Expansion,The unbelievable world of mushrooms.
The Fifth Expansion,The Abercrombie & Fitch lifestyle.
The Fifth Expansion,Vegetarian options.
The Fifth Expansion,My first period.
The Fifth Expansion,Having been dead for a while.
The Fifth Expansion,Backwards knees.
The Fifth Expansion,Being paralyzed from the neck down.
The Fifth Expansion,Seeing my village burned and my family slaughtered before my eyes.
The Fifth Expansion,"A zero-risk way to make $2,000 from home."
The Fifth Expansion,A crazy little thing called love.
The Fifth Expansion,Ancient Athenian boy-fucking
The Fifth Expansion,Out-of-this-world bazongas.
The Fifth Expansion,The ghost of Marlon Brando.
The Fifth Expansion,The basic suffering that pervades all of existence.
The Fifth Expansion,Being worshipped as the one true God.
The Fifth Expansion,Figuring out how to have sex with a dolphin.
The Fifth Expansion,All these decorative pillows.
The Fifth Expansion,A mouthful of potato salad.
The Fifth Expansion,Russian super-tuberculosis.
The Fifth Expansion,A reason not to commit suicide.
The Fifth Expansion,Going to a high school reunion on ketamine.
The Fifth Expansion,The passage of time.
The Fifth Expansion,Child support payments.
The Fifth Expansion,Changing a person's mind with logic and facts.
The Fifth Expansion,My boyfriend's stupid penis.
The Fifth Expansion,The tiger that killed my father.
The Fifth Expansion,Genghis Khan's DNA.
The Fifth Expansion,Boring vaginal sex.
The Fifth Expansion,40 acres and a mule.
The Fifth Expansion,A whole new kind of porn.
The Fifth Expansion,Slowly easing down onto a cucumber.
The Fifth Expansion,Wearing glasses and sounding smart.
The Fifth Expansion,AIDS monkeys.
The Fifth Expansion,A team of lawyers.
The Fifth Expansion,Getting drive-by shot.
The Fifth Expansion,Not believing in giraffes.
The Fifth Expansion,Anal fissures like you wouldn't believe.
The Fifth Expansion,A giant powdery manbaby.
The Fifth Expansion,Cutting off a flamingo's legs with garden shears.
The Fifth Expansion,P.F. Chang himself.
The Fifth Expansion,An uninterrupted history of imperialism and exploitation.
The Fifth Expansion,"A one-way ticket to Gary, Indiana."
The Fifth Expansion,Daddy's credit card.
The Fifth Expansion,"September 11th, 2001."
The Fifth Expansion,An unforgettable quinceañera.
The Fifth Expansion,Deez nuts.
The Fifth Expansion,Social justice warriors with flamethrowers of compassion.
The Fifth Expansion,Some shit-hot guitar licks.
The Fifth Expansion,Butt stuff.
The Fifth Expansion,Blackface.
The Fifth Expansion,Blowjobs for everyone.
The Fifth Expansion,Getting eaten alive by Guy Fieri.
The Fifth Expansion,Western standards of beauty.
The Fifth Expansion,Ejaculating live bees and the bees are angry.
The Fifth Expansion,My dead son's baseball glove.
The Fifth Expansion,Getting caught by the police and going to jail.
The Fifth Expansion,A face full of horse cum.
The Fifth Expansion,"Free ice cream, yo."
The Fifth Expansion,The white half of Barack Obama.
The Fifth Expansion,The black half of Barack Obama.
The Fifth Expansion,An inability to form meaningful relationships.
The Sixth Expansion,A bass drop so huge it tears the starry vault asunder to reveal the face of God.
The Sixth Expansion,Growing up chained to a radiator in perpetual darkness.
The Sixth Expansion,"Shitting all over the floor like a bad, bad girl."
The Sixth Expansion,A buttload of candy.
The Sixth Expansion,Sucking all the milk out of a yak.
The Sixth Expansion,Bullets.
The Sixth Expansion,A man who is so cool that he rides on a motorcycle.
The Sixth Expansion,Sudden penis loss.
The Sixth Expansion,Getting all offended.
The Sixth Expansion,Crying and shitting and eating spaghetti.
The Sixth Expansion,One unforgettable night of passion.
The Sixth Expansion,Being popular and good at sports.
The Sixth Expansion,Filling a man's anus with concrete.
The Sixth Expansion,Two whales fucking the shit out of eachother.
The Sixth Expansion,"Cool, relateable cancer teens."
The Sixth Expansion,The amount of gay I am.
The Sixth Expansion,A possible Muslim.
The Sixth Expansion,Unsheathing my massive horse cock.
The Sixth Expansion,A bowl of gourds.
The Sixth Expansion,The male gaze.
The Sixth Expansion,The power of the Dark Side.
The Sixth Expansion,Ripping a dog in half.
The Sixth Expansion,A constant need for validation.
The Sixth Expansion,Meaningless sex.
The Sixth Expansion,Such a big boy.
The Sixth Expansion,Throwing stones at a man until he dies.
The Sixth Expansion,Cancer.
The Sixth Expansion,Like a million alligators.
The Sixth Expansion,Eating together like a god damn family for once.
The Sixth Expansion,Cute boys.
The Sixth Expansion,Pussy.
The Sixth Expansion,Being a terrible mother.
The Sixth Expansion,Never having sex again.
The Sixth Expansion,A pizza guy who fucked up.
The Sixth Expansion,A whole lotta woman.
The Sixth Expansion,The all-new Nissan Pathfinder with 0.9% APR financing!
The Sixth Expansion,A peyote-fueled vision quest.
The Sixth Expansion,Kale.
The Sixth Expansion,Breastfeeding a ten year old.
The Sixth Expansion,Crippling social anxiety.
The Sixth Expansion,Immortality cream.
The Sixth Expansion,Texas.
The Sixth Expansion,Teaching a girl how to handjob the penis.
The Sixth Expansion,A turd.
The Sixth Expansion,Shapes and colors.
The Sixth Expansion,"Whatever you wish, mother."
The Sixth Expansion,The haunting stare of an Iraqi child.
The Sixth Expansion,Robots who just want to party.
The Sixth Expansion,A self-microwaving burrito.
The Sixth Expansion,Forgetting grandma's first name.
The Sixth Expansion,Our new Buffalo Chicken Dippers®!
The Sixth Expansion,Treasures beyond your wildest dreams.
The Sixth Expansion,Getting shot out of a cannon.
The Sixth Expansion,The sweet song of sword against and the braying of mighty war beasts.
The Sixth Expansion,Walking into a glass door.
The Sixth Expansion,"The color ""puce""."
The Sixth Expansion,Every ounce of charisma left in Mick Jagger's tired body.
The Sixth Expansion,The eighth graders.
The Sixth Expansion,Setting my balls on fire and cartwheeling to Ohio.
The Sixth Expansion,The dentist.
The Sixth Expansion,Gwyneth Paltrow's opinions.
The Sixth Expansion,Turning the rivers red with the blood of infidels.
The Sixth Expansion,Rabies.
The Sixth Expansion,Important news about Taylor Swift.
The Sixth Expansion,Ejaculating inside another man's wife.
The Sixth Expansion,"Owls, the perfect predator."
The Sixth Expansion,Being John Malkovich.
The Sixth Expansion,Bathing in moonsblood and dancing around the ancient oak.
The Sixth Expansion,An oppressed people with a vibrant culture.
The Sixth Expansion,An overwhelming variety of cheeses.
The Sixth Expansion,Reading the entire End-User License Agreement.
The Sixth Expansion,Morpheus.
The Sixth Expansion,Peeing into a girl's butt to make a baby.
The Sixth Expansion,Generally having no idea of what's going on.
The Sixth Expansion,No longer finding any Cards Against Humanity card funny.